{
      "noOutliers1b": [
            0,
            0,
            1,
            2,
            0,
            0,
            1,
            1,
            0,
            1,
            1,
            0,
            1,
            0,
            1,
            1,
            0,
            0
      ],
      "noOutliers4": [
            0,
            0,
            1,
            2,
            0,
            0,
            1,
            1,
            0,
            1,
            1,
            0,
            1,
            0,
            1,
            1,
            0,
            0
      ],
      "alpha1b": [
            3.649999999999998,
            9.229999999999995,
            8.109999999999996,
            3.839999999999998,
            11.869999999999994,
            5.959999999999996,
            5.679999999999997,
            5.819999999999997,
            8.759999999999994,
            8.369999999999996,
            8.789999999999996,
            7.019999999999996,
            6.849999999999996,
            6.959999999999996,
            8.299999999999995,
            6.0399999999999965,
            6.839999999999996,
            3.989999999999998
      ],
      "alpha4": [
            3.3399999999999985,
            10.179999999999994,
            7.349999999999996,
            2.649999999999999,
            10.659999999999995,
            5.819999999999997,
            5.589999999999997,
            5.599999999999997,
            7.649999999999996,
            7.179999999999996,
            8.269999999999996,
            5.939999999999997,
            7.349999999999996,
            6.719999999999996,
            9.339999999999995,
            6.139999999999997,
            6.6199999999999966,
            4.099999999999998
      ],
      "MSE1b": [
            193.34955813412665,
            230.69139971643995,
            136.77353796004633,
            217.82804088566826,
            157.84411546829693,
            235.01846553194048,
            189.68291314164364,
            225.9677709989272,
            231.92112774591286,
            191.54911950206682,
            228.6191314574455,
            158.5169542801174,
            231.6802623058625,
            231.60510002963068,
            140.64932606684826,
            171.24869079288717,
            155.12316702940606,
            188.48459117807462
      ],
      "MSE4": [
            185.73077777756563,
            213.58176368548712,
            125.52482569355512,
            203.42959047455494,
            156.74542518169505,
            218.30694117547026,
            181.50661295558461,
            217.25227820640933,
            226.52828274906184,
            170.7449912628701,
            217.33660741649632,
            142.74265451635574,
            219.62322504331183,
            225.75974047625556,
            135.4244423387257,
            164.99931533437336,
            149.23142077712075,
            194.1567653224452
      ]
}